{
  "mass": 5.5,
  "spin": 0.3,
  "omega_qnm": [
    0.09090909090909091,
    0.21818181818181817
  ],
  "isco_radius": 32.01,
  "horizon_spectrum": [
    1543.3388070025217,
    1905.356551854965,
    2305.4814277445075,
    2743.71343467115,
    3220.052572634891,
    3734.4988416357314,
    4287.052241673672,
    4877.71277274871,
    5506.4804348608495,
    6173.355228010087
  ]
}