{
  "mass": 10.0,
  "spin": 0.3,
  "omega_qnm": [
    0.05,
    0.12
  ],
  "isco_radius": 58.199999999999996,
  "horizon_spectrum": [
    5101.946469429824,
    6298.699344975091,
    7621.42620741986,
    9070.127056764131,
    10644.801893007903,
    12345.450716151177,
    14172.073526193955,
    16124.670323136235,
    18203.241106978014,
    20407.785877719296
  ]
}