{
  "mass": 3.25,
  "spin": 0.0,
  "omega_qnm": [
    0.15384615384615385,
    0.3692307692307692
  ],
  "isco_radius": 19.5,
  "horizon_spectrum": [
    530.929158456675,
    655.4680968600926,
    793.1163972007122,
    943.8740594785332,
    1107.7410836935567,
    1284.7174698457814,
    1474.803217935208,
    1677.998327961837,
    1894.302799925668,
    2123.7166338267
  ]
}