{
  "mass": 3.25,
  "spin": 0.6,
  "omega_qnm": [
    0.15384615384615385,
    0.3692307692307692
  ],
  "isco_radius": 18.33,
  "horizon_spectrum": [
    546.8570332103753,
    675.1321397658954,
    816.9098891167336,
    972.1902812628892,
    1140.9733162043633,
    1323.2589939411548,
    1519.0473144732644,
    1728.3382778006921,
    1951.1318839234382,
    2187.4281328415013
  ]
}