{
  "mass": 5.5,
  "spin": 0.9,
  "omega_qnm": [
    0.09090909090909091,
    0.21818181818181817
  ],
  "isco_radius": 30.03,
  "horizon_spectrum": [
    1588.9547323326456,
    1961.6725090526486,
    2373.623735953705,
    2824.8084130358147,
    3315.2265402989765,
    3844.8781177431915,
    4413.763145368461,
    5021.8816231747805,
    5669.233551162156,
    6355.818929330582
  ]
}