{
  "mass": 3.25,
  "spin": 0.3,
  "omega_qnm": [
    0.15384615384615385,
    0.3692307692307692
  ],
  "isco_radius": 18.915,
  "horizon_spectrum": [
    538.8930958335251,
    665.300118312994,
    805.0131431587228,
    958.0321703707111,
    1124.35719994896,
    1303.9882318934679,
    1496.925266204236,
    1703.1683028812645,
    1922.717341924553,
    2155.5723833341003
  ]
}