{
  "mass": 1.0,
  "spin": 0.6,
  "omega_qnm": [
    0.5,
    1.2
  ],
  "isco_radius": 5.64,
  "horizon_spectrum": [
    51.77344693115979,
    63.91783571748123,
    77.34058121815228,
    92.04168343317296,
    108.02114236254326,
    125.27895800626321,
    143.81513036433273,
    163.62965943675192,
    184.72254522352074,
    207.09378772463916
  ]
}