{
  "mass": 7.75,
  "spin": 0.0,
  "omega_qnm": [
    0.06451612903225806,
    0.15483870967741936
  ],
  "isco_radius": 46.5,
  "horizon_spectrum": [
    3019.0705400997913,
    3727.2475803701122,
    4509.9695722478355,
    5367.236515732962,
    6299.0484108254905,
    7305.40525752542,
    8386.307055832754,
    9541.75380574749,
    10771.745507269627,
    12076.282160399165
  ]
}