{
  "mass": 3.25,
  "spin": 0.9,
  "omega_qnm": [
    0.15384615384615385,
    0.3692307692307692
  ],
  "isco_radius": 17.745,
  "horizon_spectrum": [
    554.8209705872254,
    684.9641612187967,
    828.8066350747441,
    986.3483921550671,
    1157.5894324597666,
    1342.5297559888413,
    1541.1693627422924,
    1753.5082527201196,
    1979.546425922323,
    2219.2838823489014
  ]
}