{
  "mass": 5.5,
  "spin": 0.0,
  "omega_qnm": [
    0.09090909090909091,
    0.21818181818181817
  ],
  "isco_radius": 33.0,
  "horizon_spectrum": [
    1520.53084433746,
    1877.1985732561232,
    2271.410273639909,
    2703.165945488818,
    3172.4655888028487,
    3679.309203582002,
    4223.696789826278,
    4805.628347535676,
    5425.103876710197,
    6082.12337734984
  ]
}