{
  "mass": 10.0,
  "spin": 0.0,
  "omega_qnm": [
    0.05,
    0.12
  ],
  "isco_radius": 60.0,
  "horizon_spectrum": [
    5026.548245743669,
    6205.61511820206,
    7508.794293024493,
    8936.085770210968,
    10487.489549761482,
    12163.005631676038,
    13962.634015954638,
    15886.374702597277,
    17934.227691603955,
    20106.192982974677
  ]
}