{
  "mass": 10.0,
  "spin": 0.6,
  "omega_qnm": [
    0.05,
    0.12
  ],
  "isco_radius": 56.4,
  "horizon_spectrum": [
    5177.34469311598,
    6391.783571748122,
    7734.058121815227,
    9204.168343317297,
    10802.114236254327,
    12527.89580062632,
    14381.513036433278,
    16362.965943675195,
    18472.254522352076,
    20709.37877246392
  ]
}