{
  "mass": 7.75,
  "spin": 0.9,
  "omega_qnm": [
    0.06451612903225806,
    0.15483870967741936
  ],
  "isco_radius": 42.315000000000005,
  "horizon_spectrum": [
    3154.928714404282,
    3894.973721486767,
    4712.918202998988,
    5608.7621589409455,
    6582.505589312637,
    7634.148494114063,
    8763.690873345227,
    9971.132727006127,
    11256.47405509676,
    12619.714857617128
  ]
}