{
  "mass": 10.0,
  "spin": 0.9,
  "omega_qnm": [
    0.05,
    0.12
  ],
  "isco_radius": 54.6,
  "horizon_spectrum": [
    5252.742916802134,
    6484.8677985211525,
    7846.690036210594,
    9338.20962987046,
    10959.426579500747,
    12710.34088510146,
    14590.952546672595,
    16601.261564214154,
    18741.267937726134,
    21010.971667208534
  ]
}