{
  "mass": 7.75,
  "spin": 0.6,
  "omega_qnm": [
    0.06451612903225806,
    0.15483870967741936
  ],
  "isco_radius": 43.71,
  "horizon_spectrum": [
    3109.6426563027853,
    3839.0650077812156,
    4645.268659415271,
    5528.253611204951,
    6488.019863150255,
    7524.567415251183,
    8637.896267507738,
    9828.006419919915,
    11094.897872487716,
    12438.570625211141
  ]
}