{
  "mass": 7.75,
  "spin": 0.3,
  "omega_qnm": [
    0.06451612903225806,
    0.15483870967741936
  ],
  "isco_radius": 45.105,
  "horizon_spectrum": [
    3064.356598201288,
    3783.1562940756635,
    4577.619115831552,
    5447.745063468956,
    6393.534136987872,
    7414.9863363883005,
    8512.101661670245,
    9684.880112833702,
    10933.32168987867,
    12257.426392805151
  ]
}