{
  "mass": 5.5,
  "spin": 0.6,
  "omega_qnm": [
    0.09090909090909091,
    0.21818181818181817
  ],
  "isco_radius": 31.02,
  "horizon_spectrum": [
    1566.1467696675838,
    1933.5145304538069,
    2339.5525818491064,
    2784.260923853483,
    3267.639556466934,
    3789.688479689462,
    4350.407693521067,
    4949.797197961746,
    5587.856993011504,
    6264.587078670335
  ]
}