{
  "mass": 1.0,
  "spin": 0.3,
  "omega_qnm": [
    0.5,
    1.2
  ],
  "isco_radius": 5.82,
  "horizon_spectrum": [
    51.019464694298236,
    62.98699344975092,
    76.2142620741986,
    90.7012705676413,
    106.44801893007903,
    123.45450716151178,
    141.72073526193952,
    161.24670323136232,
    182.03241106978012,
    204.07785877719294
  ]
}