{
  "mass": 1.0,
  "spin": 0.9,
  "omega_qnm": [
    0.5,
    1.2
  ],
  "isco_radius": 5.46,
  "horizon_spectrum": [
    52.527429168021335,
    64.84867798521154,
    78.46690036210595,
    93.3820962987046,
    109.59426579500747,
    127.10340885101459,
    145.9095254667259,
    166.0126156421415,
    187.4126793772613,
    210.10971667208534
  ]
}