{
  "times": [
    0.0,
    0.25,
    0.5,
    0.75,
    1.0,
    1.25,
    1.5,
    1.75,
    2.0,
    2.25
  ],
  "field_energy": [
    814.1125342220511,
    94368543.9153449,
    4.7196054442850415e+29,
    9.547151462798872e+51,
    3.336887856850731e+74,
    1.5374146843566747e+97,
    8.188095060512545e+119,
    4.6960110434832567e+142,
    2.7939260184094624e+165,
    1.6921825896235464e+188
  ],
  "conservation_violation": [
    0.01356079197250429,
    7519.765537467865,
    2.676331469100825e+25,
    4.450141761067781e+47,
    1.35697103904376e+70,
    5.580409860064912e+92,
    2.772627860910163e+115,
    1.5130214971040073e+138,
    8.803378572901463e+160,
    5.231658458321273e+183
  ],
  "metric_trace": [
    98301.65736288976,
    -2172376.533667026,
    -1.1057434421530169e+28,
    -2.2191823737577837e+50,
    -7.727629511908799e+72,
    -3.55348094052856e+95,
    -1.8906638637398625e+118,
    -1.083797318460726e+141,
    -6.446631987568489e+163,
    -3.904079487266495e+186
  ]
}