{
  "mass": 5.0,
  "spin": 0.7,
  "omega_qnm": [
    0.1,
    0.24
  ],
  "isco_radius": 27.900000000000002,
  "horizon_spectrum": [
    1300.6193585861743,
    1605.702911834783,
    1942.9005233200874,
    2312.2121930420876,
    2713.637921000783,
    3147.1777071961747,
    3612.8315516282623,
    4110.599454297045,
    4640.481415202523,
    5202.477434344697
  ]
}