{
  "mass": 1.0,
  "spin": 0.7,
  "omega_qnm": [
    0.5,
    1.2
  ],
  "isco_radius": 5.58,
  "horizon_spectrum": [
    52.02477434344697,
    64.22811647339132,
    77.7160209328035,
    92.4884877216835,
    108.54551684003133,
    125.887108287847,
    144.51326206513045,
    164.42397817188177,
    185.6192566081009,
    208.09909737378788
  ]
}