{
  "mass": 5.0,
  "spin": 0.0,
  "omega_qnm": [
    0.1,
    0.24
  ],
  "isco_radius": 30.0,
  "horizon_spectrum": [
    1256.6370614359173,
    1551.403779550515,
    1877.1985732561232,
    2234.021442552742,
    2621.8723874403704,
    3040.7514079190096,
    3490.6585039886595,
    3971.5936756493193,
    4483.556922900989,
    5026.548245743669
  ]
}