{
  "mass": 1.0,
  "spin": 0.0,
  "omega_qnm": [
    0.5,
    1.2
  ],
  "isco_radius": 6.0,
  "horizon_spectrum": [
    50.26548245743669,
    62.05615118202061,
    75.08794293024494,
    89.36085770210967,
    104.87489549761482,
    121.63005631676039,
    139.62634015954634,
    158.86374702597274,
    179.34227691603954,
    201.06192982974676
  ]
}