{
  "final_mean_T00": 0.6266276150867031,
  "energy_conservation_error": 29535.778047917964,
  "config": {
    "grid_size": [
      32,
      32,
      32
    ],
    "dx": 0.05,
    "dt": 0.001,
    "epsilon": 0.01,
    "mass": 1.0,
    "total_time": 0.02
  }
}