{
  "mesh_resonance": {
    "convergence_achieved": true,
    "error_drops": [
      1545.2595402929467,
      1545.2595402929467,
      1545.2595402929467,
      1545.2595402929467,
      1545.2595402929467,
      1545.2595402929467
    ],
    "level_resonances": [
      0,
      1,
      2,
      3,
      4,
      5
    ],
    "resonant_level": 5,
    "max_error_drop": 1545.2595402929467,
    "k_qg": 62.83185307179586,
    "status": "completed"
  },
  "constraint_entanglement": {
    "max_entanglement": 0.000575146416439896,
    "mu_gamma_map": {
      "mu_0.010_gamma_0.100": {
        "E_AB": 1.1895468945734531e-05,
        "region_A": [
          0,
          1,
          2,
          3,
          4,
          5,
          6,
          7,
          8,
          9
        ],
        "region_B": [
          10,
          11,
          12,
          13,
          14,
          15,
          16,
          17,
          18,
          19
        ],
        "mu": 0.01,
        "gamma": 0.1
      },
      "mu_0.010_gamma_0.250": {
        "E_AB": 3.326431801320564e-05,
        "region_A": [
          0,
          1,
          2,
          3,
          4,
          5,
          6,
          7,
          8,
          9
        ],
        "region_B": [
          10,
          11,
          12,
          13,
          14,
          15,
          16,
          17,
          18,
          19
        ],
        "mu": 0.01,
        "gamma": 0.25
      },
      "mu_0.010_gamma_0.500": {
        "E_AB": 5.154954332180535e-05,
        "region_A": [
          0,
          1,
          2,
          3,
          4,
          5,
          6,
          7,
          8,
          9
        ],
        "region_B": [
          10,
          11,
          12,
          13,
          14,
          15,
          16,
          17,
          18,
          19
        ],
        "mu": 0.01,
        "gamma": 0.5
      },
      "mu_0.020_gamma_0.100": {
        "E_AB": 1.1447229541022966e-05,
        "region_A": [
          0,
          1,
          2,
          3,
          4,
          5,
          6,
          7,
          8,
          9
        ],
        "region_B": [
          10,
          11,
          12,
          13,
          14,
          15,
          16,
          17,
          18,
          19
        ],
        "mu": 0.02,
        "gamma": 0.1
      },
      "mu_0.020_gamma_0.250": {
        "E_AB": 6.841547017517921e-05,
        "region_A": [
          0,
          1,
          2,
          3,
          4,
          5,
          6,
          7,
          8,
          9
        ],
        "region_B": [
          10,
          11,
          12,
          13,
          14,
          15,
          16,
          17,
          18,
          19
        ],
        "mu": 0.02,
        "gamma": 0.25
      },
      "mu_0.020_gamma_0.500": {
        "E_AB": 0.00014906331034588943,
        "region_A": [
          0,
          1,
          2,
          3,
          4,
          5,
          6,
          7,
          8,
          9
        ],
        "region_B": [
          10,
          11,
          12,
          13,
          14,
          15,
          16,
          17,
          18,
          19
        ],
        "mu": 0.02,
        "gamma": 0.5
      },
      "mu_0.050_gamma_0.100": {
        "E_AB": 4.7723330730015474e-05,
        "region_A": [
          0,
          1,
          2,
          3,
          4,
          5,
          6,
          7,
          8,
          9
        ],
        "region_B": [
          10,
          11,
          12,
          13,
          14,
          15,
          16,
          17,
          18,
          19
        ],
        "mu": 0.05,
        "gamma": 0.1
      },
      "mu_0.050_gamma_0.250": {
        "E_AB": 0.0001128388820491564,
        "region_A": [
          0,
          1,
          2,
          3,
          4,
          5,
          6,
          7,
          8,
          9
        ],
        "region_B": [
          10,
          11,
          12,
          13,
          14,
          15,
          16,
          17,
          18,
          19
        ],
        "mu": 0.05,
        "gamma": 0.25
      },
      "mu_0.050_gamma_0.500": {
        "E_AB": 0.00013843806841061206,
        "region_A": [
          0,
          1,
          2,
          3,
          4,
          5,
          6,
          7,
          8,
          9
        ],
        "region_B": [
          10,
          11,
          12,
          13,
          14,
          15,
          16,
          17,
          18,
          19
        ],
        "mu": 0.05,
        "gamma": 0.5
      },
      "mu_0.100_gamma_0.100": {
        "E_AB": 0.00011456311696371391,
        "region_A": [
          0,
          1,
          2,
          3,
          4,
          5,
          6,
          7,
          8,
          9
        ],
        "region_B": [
          10,
          11,
          12,
          13,
          14,
          15,
          16,
          17,
          18,
          19
        ],
        "mu": 0.1,
        "gamma": 0.1
      },
      "mu_0.100_gamma_0.250": {
        "E_AB": 0.0003648741500721396,
        "region_A": [
          0,
          1,
          2,
          3,
          4,
          5,
          6,
          7,
          8,
          9
        ],
        "region_B": [
          10,
          11,
          12,
          13,
          14,
          15,
          16,
          17,
          18,
          19
        ],
        "mu": 0.1,
        "gamma": 0.25
      },
      "mu_0.100_gamma_0.500": {
        "E_AB": 0.000575146416439896,
        "region_A": [
          0,
          1,
          2,
          3,
          4,
          5,
          6,
          7,
          8,
          9
        ],
        "region_B": [
          10,
          11,
          12,
          13,
          14,
          15,
          16,
          17,
          18,
          19
        ],
        "mu": 0.1,
        "gamma": 0.5
      }
    },
    "lattice_size": 20,
    "entanglement_threshold": 1e-06,
    "anomaly_free_regions": 12,
    "status": "completed"
  },
  "matter_spacetime_duality": {
    "spectral_match_error": 0.00013026708669055663,
    "eigenvalue_pairs": [
      {
        "matter": 0.25687403127373654,
        "geometry": 0.25684678815383033,
        "error": 0.00010605634120007525
      },
      {
        "matter": 0.5346837544602681,
        "geometry": 0.5347668571225181,
        "error": 0.00015542395211535262
      },
      {
        "matter": 0.643650687283566,
        "geometry": 0.643711684863861,
        "error": 9.476814287640585e-05
      },
      {
        "matter": 0.665966675978402,
        "geometry": 0.6660809626021799,
        "error": 0.0001716101238999354
      },
      {
        "matter": 1.1881187194470535,
        "geometry": 1.1882920320699253,
        "error": 0.0001458714689323722
      }
    ],
    "duality_parameter_alpha": 2.0,
    "lattice_size": 16,
    "polymer_scale": 0.01,
    "gamma": 0.25,
    "duality_quality": "excellent",
    "status": "completed"
  },
  "geometry_catalysis": {
    "Xi": 1.005000000000005,
    "speed_enhancement_percent": 0.49999999999998934,
    "classical_speed": 1.0000000000000113,
    "quantum_speed": 1.0050000000000163,
    "l_planck": 0.001,
    "packet_width": 0.1,
    "beta": 0.5,
    "lattice_size": 16,
    "time_evolution": {
      "classical_peaks": [
        0.009000000000000001,
        0.0091,
        0.0092,
        0.009300000000000001,
        0.0094,
        0.0095,
        0.009600000000000001,
        0.0097,
        0.0098,
        0.0099
      ],
      "quantum_peaks": [
        0.009045000000000001,
        0.009145499999999999,
        0.009245999999999999,
        0.0093465,
        0.009446999999999999,
        0.009547499999999999,
        0.009648,
        0.009748499999999998,
        0.009848999999999998,
        0.0099495
      ]
    },
    "status": "completed"
  },