{
  "mass": 1.0,
  "spin": 0.5,
  "omega_qnm": [
    0.5,
    1.2
  ],
  "isco_radius": 5.699999999999999,
  "horizon_spectrum": [
    51.5221195188726,
    63.607554961571125,
    76.96514150350106,
    91.5948791446624,
    107.49676788505518,
    124.67080772467939,
    143.11699866353499,
    162.83534070162204,
    183.8258338389405,
    206.0884780754904
  ]
}