{
  "mass": 2.0,
  "spin": 0.0,
  "omega_qnm": [
    0.25,
    0.6
  ],
  "isco_radius": 12.0,
  "horizon_spectrum": [
    201.06192982974676,
    248.22460472808245,
    300.35177172097974,
    357.4434308084387,
    419.49958199045926,
    486.52022526704155,
    558.5053606381854,
    635.454988103891,
    717.3691076641582,
    804.247719318987
  ]
}