{
  "mass": 2.0,
  "spin": 0.5,
  "omega_qnm": [
    0.25,
    0.6
  ],
  "isco_radius": 11.399999999999999,
  "horizon_spectrum": [
    206.0884780754904,
    254.4302198462845,
    307.86056601400423,
    366.3795165786496,
    429.9870715402207,
    498.68323089871757,
    572.4679946541399,
    651.3413628064882,
    735.303335355762,
    824.3539123019616
  ]
}