{
  "N_values": [
    3,
    5,
    7
  ],
  "refinement_data": {
    "3": {
      "n_sites": 3,
      "hilbert_dimension": 200,
      "omega_min_squared": 6.848665063043525e+66,
      "total_stress_energy": -0.012000000000000004,
      "stress_energy_breakdown": {
        "phantom": -0.015000000000000003,
        "maxwell": 0.0,
        "dirac": 0.003,
        "total": -0.012000000000000004
      },
      "convergence_metrics": {
        "lattice_spacing": 0.5,
        "effective_volume": 3,
        "degrees_of_freedom": 200
      }
    },
    "5": {
      "n_sites": 5,
      "hilbert_dimension": 200,
      "omega_min_squared": 1.3697330126087047e+67,
      "total_stress_energy": -0.02,
      "stress_energy_breakdown": {
        "phantom": -0.025,
        "maxwell": 0.0,
        "dirac": 0.005,
        "total": -0.02
      },
      "convergence_metrics": {
        "lattice_spacing": 0.25,
        "effective_volume": 5,
        "degrees_of_freedom": 200
      }
    },
    "7": {
      "n_sites": 7,
      "hilbert_dimension": 200,
      "omega_min_squared": 3.081899278369591e+67,
      "total_stress_energy": -0.027999999999999997,
      "stress_energy_breakdown": {
        "phantom": -0.034999999999999996,
        "maxwell": 0.0,
        "dirac": 0.007,
        "total": -0.027999999999999997
      },
      "convergence_metrics": {
        "lattice_spacing": 0.16666666666666666,
        "effective_volume": 7,
        "degrees_of_freedom": 200
      }
    }
  },
  "convergence_analysis": {
    "N_values": [
      3,
      5,
      7
    ],
    "lattice_spacings": [
      0.5,
      0.25,
      0.16666666666666666
    ],
    "omega_min_squared": [
      6.848665063043525e+66,
      1.3697330126087047e+67,
      3.081899278369591e+67
    ],
    "T00_magnitudes": [
      0.012000000000000004,
      0.02,
      0.027999999999999997
    ],
    "omega_continuum": 6.1637985567391724e+66,
    "T00_continuum": 0.010800000000000004,
    "omega_convergence_order": 3.283134474377197,
    "T00_convergence_order": 2.4790489483116973,
    "relative_errors": [
      0.9999999999999996,
      1.2500000000000038
    ],
    "convergence_quality": "poor",
    "refinement_efficiency": 1.0,
    "fits": {
      "omega": {
        "continuum_extrapolation": 6.1637985567391724e+66,
        "convergence_order": 3.283134474377197,
        "scaling_coefficient": 7.270941223901334e+64,
        "fit_quality": 0.9919495594004928,
        "observable": "\u03c9\u00b2_min"
      },
      "T00": {
        "continuum_extrapolation": 0.010800000000000004,
        "convergence_order": 2.4790489483116973,
        "scaling_coefficient": 0.00023453413811509139,
        "fit_quality": 0.9136321880059365,
        "observable": "|T^00|"
      }
    }
  }
}