{
  "r_grid": [
    1e-35,
    2.575e-34,
    5.05e-34,
    7.525e-34,
    1e-33
  ],
  "dr": 2.475e-34,
  "E_x": [
    2,
    1,
    0,
    -1,
    -2
  ],
  "E_phi": [
    1,
    1,
    0,
    -1,
    -1
  ],
  "K_x": [
    0.2,
    0.1,
    0.0,
    -0.1,
    -0.2
  ],
  "K_phi": [
    0.1,
    0.05,
    0.0,
    -0.05,
    -0.1
  ],
  "exotic": [
    3.0265131e-07,
    1.3564495e-06,
    2.236068e-06,
    1.3564495e-06,
    3.0265131e-07
  ],
  "metric_coefficient": [
    0.9,
    0.95,
    1.0,
    0.95,
    0.9
  ],
  "wormhole_throat_index": 2
}
