{
  "r_grid": [
    1e-35,
    2.575e-34,
    5.05e-34,
    7.525e-34,
    1e-33
  ],
  "dr": 2.475e-34,
  "E_x": [
    2,
    1,
    0,
    -1,
    -2
  ],
  "E_phi": [
    2,
    1,
    0,
    -1,
    -2
  ],
  "K_x": [
    0.2,
    0.1,
    0.0,
    -0.1,
    -0.2
  ],
  "K_phi": [
    0.2,
    0.1,
    0.0,
    -0.1,
    -0.2
  ],
  "exotic": [
    1.353352832366127e-07,
    6.065306597126334e-07,
    1e-06,
    6.065306597126334e-07,
    1.353352832366127e-07
  ],
  "metadata": {
    "description": "Perfect match data for LQG quantum operators",
    "geometry": "spherically_symmetric_wormhole",
    "n_sites": 5,
    "r_min": 1e-35,
    "r_max": 1e-33,
    "throat_location": 5.05e-34,
    "units": "SI_meters",
    "exotic_matter_type": "phantom_scalar",
    "notes": "Values chosen to match exactly with quantum operator eigenvalues"
  }
}