{
  "r": [
    1e-15,
    2.154e-15,
    4.642e-15,
    1e-14,
    2.154e-14
  ],
  "E_x": [
    4.712388980384689e-29,
    1.7506470588235294e-28,
    8.123106280843373e-28,
    3.765176e-27,
    1.7506470588235295e-26
  ],
  "E_phi": [
    1.2566370614359172e-14,
    2.706124e-14,
    5.828427e-14,
    1.256637061435917e-13,
    2.706124e-13
  ]
}