{
  "r": [
    1e-35,
    2e-35,
    3e-35,
    4e-35,
    5e-35,
    6e-35,
    7e-35,
    8e-35,
    9e-35,
    1e-34
  ],
  "T00": [
    1.17287,
    1.2901570000000002,
    1.4074440000000001,
    1.524731,
    1.642018,
    1.7593050000000001,
    1.8765920000000003,
    1.9938790000000004,
    2.1111660000000003,
    2.228453
  ]
}