{
  "r": [
    1e-15,
    2.154e-15,
    4.642e-15,
    1e-14,
    2.154e-14
  ],
  "T00": [
    1.0526577136222567e-39,
    1.1579234849844825e-39,
    1.263189256346708e-39,
    1.3684550277089338e-39,
    1.4737207990711592e-39
  ]
}