{
  "r_values": [
    1e-35,
    2.575e-34,
    5.05e-34,
    7.525e-34,
    1e-33
  ],
  "quantum_T00": [
    9.157819444367092e-15,
    1.8393972058572112e-13,
    5e-13,
    1.8393972058572112e-13,
    9.157819444367092e-15
  ],
  "total_mass_energy": 2.193332823148937e-46,
  "peak_energy_density": 5e-13,
  "peak_location": 5.05e-34,
  "eigenvalue": 3.206727080566039e+66,
  "computation_metadata": {
    "hilbert_dimension": 100,
    "mu_bar_scheme": "minimal_area",
    "lattice_sites": 5
  }
}