{
  "r_values": [
    1e-35,
    2.575e-34,
    5.05e-34,
    7.525e-34,
    1e-33
  ],
  "quantum_T00": [
    4.5798907722358056e-14,
    9.19977623025125e-13,
    2.500000050312e-12,
    9.19977623025125e-13,
    4.5798907722358056e-14
  ],
  "eigenvalue": 4.508290341140422e-133,
  "hilbert_dimension": 500,
  "coherent_errors": {
    "max_E_error": 0.0651924261731236,
    "max_K_error": 0.2
  }
}