{
  "r_values": [
    1e-35,
    2.575e-34,
    5.05e-34,
    7.525e-34,
    1e-33
  ],
  "quantum_T00": [
    4.5798907722358056e-14,
    9.19977623025125e-13,
    2.500000050312e-12,
    9.19977623025125e-13,
    4.5798907722358056e-14
  ],
  "total_mass_energy": 1.0968093951722242e-45,
  "peak_energy_density": 2.500000050312e-12,
  "peak_location": 5.05e-34,
  "eigenvalue": 4.493502762712535e+65,
  "computation_metadata": {
    "hilbert_dimension": 100,
    "mu_bar_scheme": "minimal_area",
    "lattice_sites": 5
  }
}