{
  "lqg_data": {
    "r_data": [
      2.1,
      2.2612244897959184,
      2.4224489795918367,
      2.5836734693877554,
      2.7448979591836737,
      2.906122448979592,
      3.0673469387755103,
      3.2285714285714286,
      3.389795918367347,
      3.5510204081632653,
      3.712244897959184,
      3.8734693877551023,
      4.034693877551021,
      4.195918367346939,
      4.357142857142858,
      4.518367346938776,
      4.679591836734694,
      4.840816326530613,
      5.002040816326531,
      5.163265306122449,
      5.3244897959183675,
      5.485714285714286,
      5.646938775510204,
      5.808163265306122,
      5.969387755102041,
      6.130612244897959,
      6.291836734693877,
      6.453061224489797,
      6.614285714285716,
      6.775510204081634,
      6.936734693877552,
      7.097959183673471,
      7.259183673469389,
      7.420408163265307,
      7.5816326530612255,
      7.742857142857144,
      7.904081632653062,
      8.06530612244898,
      8.226530612244899,
      8.387755102040817,
      8.548979591836735,
      8.710204081632654,
      8.871428571428572,
      9.03265306122449,
      9.193877551020408,
      9.355102040816327,
      9.516326530612245,
      9.677551020408163,
      9.838775510204082,
      10.0
    ],
    "gtt_numeric": [
      0.053173206520425634,
      0.10100847769991567,
      0.18338216679732425,
      0.21863180651802278,
      0.27096727474557974,
      0.31429141618471473,
      0.365264622617143,
      0.377400574959769,
      0.4302836767097568,
      0.4665722307756864,
      0.47401551606829806,
      0.46458912032302796,
      0.5030757036037726,
      0.5158113022127035,
      0.5325437983946603,
      0.5623651452480339,
      0.5671013291765576,
      0.5703644163640197,
      0.605032731605595,
      0.6043878617735645,
      0.619248028643352,
      0.6328245162304279,
      0.612917282230314,
      0.6571658558496696,
      0.6564524659300638,
      0.6629976579357018,
      0.6795974325815829,
      0.6941803184708047,
      0.6994354892928197,
      0.701413698712248,
      0.7006400448545584,
      0.7323369605243742,
      0.714790398732567,
      0.7398300901878485,
      0.7330388825809511,
      0.7470477953649727,
      0.7438097834186475,
      0.7383617847307606,
      0.7645495714661507,
      0.7582082988756921,
      0.7697793602840823,
      0.7704706313615569,
      0.7731327367572683,
      0.7889925161288541,
      0.7973348398501462,
      0.7949026744629991,
      0.8000147511904834,
      0.7950263818989846,
      0.7984043570678496,
      0.7885391865867666
    ]
  },
  "fit_results": {
    "M_eff": 1.001208842654207,
    "gamma": 0.06797478364690776,
    "M_eff_error": 0.005247547790659303,
    "gamma_error": 0.20592631478552129,
    "rms_error": 0.010831619215684195,
    "max_error": 0.03254723010741589,
    "fitted_curve": [
      0.04996295782136494,
      0.1170542713330599,
      0.1753651017581624,
      0.22649806558194188,
      0.2716920826416758,
      0.3119188230335653,
      0.34795040950133393,
      0.3804077465501833,
      0.4097955729694906,
      0.4365282658378443,
      0.4609491004685269,
      0.48334481112446115,
      0.5039567303198071,
      0.5229894047282501,
      0.5406173275052584,
      0.5569902487649934,
      0.5722374014875368,
      0.5864708920176603,
      0.5997884411823667,
      0.6122756163044077,
      0.6240076608814372,
      0.6350510039120421,
      0.64546451233773,
      0.6553005361211988,
      0.664605784882163,
      0.6734220668940043,
      0.6817869149798101,
      0.689734118977341,
      0.6972941806325023,
      0.7044947037804837,
      0.7113607302963962,
      0.7179150304026275,
      0.7241783544019017,
      0.7301696516819368,
      0.7359062618473424,
      0.7414040820287755,
      0.746677713760957,
      0.7517405922806688,
      0.7566051006503052,
      0.7612826707437823,
      0.7657838728252113,
      0.7701184951952007,
      0.7742956151657803,
      0.778323662445317,
      0.7822104758634385,
      0.7859633542380359,
      0.7895891020779343,
      0.7930940707225586,
      0.7964841954412412,
      0.7997650289475233
    ],
    "residuals": [
      0.003210248699060697,
      -0.016045793633144234,
      0.008017065039161858,
      -0.007866259063919107,
      -0.0007248078960960802,
      0.0023725931511494602,
      0.017314213115809052,
      -0.0030071715904143037,
      0.020488103740266217,
      0.03004396493784206,
      0.013066415599771175,
      -0.01875569080143319,
      -0.0008810267160345164,
      -0.007178102515546514,
      -0.00807352911059811,
      0.00537489648304057,
      -0.005136072310979123,
      -0.01610647565364065,
      0.0052442904232282705,
      -0.007887754530843227,
      -0.004759632238085176,
      -0.0022264876816141532,
      -0.03254723010741589,
      0.0018653197284708156,
      -0.008153318952099253,
      -0.010424408958302545,
      -0.0021894823982272493,
      0.004446199493463698,
      0.002141308660317476,
      -0.0030810050682357204,
      -0.010720685441837796,
      0.014421930121746751,
      -0.009387955669334702,
      0.009660438505911695,
      -0.0028673792663913567,
      0.005643713336197176,
      -0.002867930342309588,
      -0.013378807549908167,
      0.007944470815845484,
      -0.003074371868090231,
      0.0039954874588710165,
      0.0003521361663562095,
      -0.0011628784085119248,
      0.010668853683537094,
      0.01512436398670769,
      0.008939320224963243,
      0.010425649112549062,
      0.0019323111764260048,
      0.0019201616266084631,
      -0.011225842360756744
    ],
    "success": true
  },
  "theory_comparison": {
    "success": true,
    "M_theory": 1.0,
    "gamma_theory": 0.001666666666666667,
    "alpha_used": 0.16666666666666666,
    "M_relative_error": 0.0012088426542069541,
    "gamma_relative_error": 39.78487018814465,
    "mass_match": 