{
  "eigenvalues": [
    -0.00014256252582980908,
    0.09999634742764757,
    0.2001462150981822
  ],
  "num_physical_states": 0,
  "quantum_observables": {
    "expectation_E_x": [
      4.4612291624011665e-27,
      4.4612291624011665e-27,
      4.4612291624011665e-27
    ],
    "expectation_E_phi": [
      9.883759735159019e-14,
      9.883759735159019e-14,
      9.883759735159019e-14
    ],
    "variance_E_x": [
      0.1,
      0.2,
      0.30000000000000004
    ],
    "variance_E_phi": [
      0.1,
      0.2,
      0.30000000000000004
    ],
    "holonomy_corrections": [
      0.95,
      0.96,
      0.97
    ],
    "quantum_volume": [
      2.977228867281138e-202,
      2.977228867281138e-202,
      2.977228867281138e-202
    ]
  },
  "lattice_points": 5,
  "mu_bar_scheme": "minimal_area",
  "holonomy_parameter": 0.1,
  "immirzi_gamma": 0.2375
}