{
  "eigenvalues": [
    11.728556776025028,
    11.828688126400266,
    11.928699486518227,
    12.028708174939013,
    12.128847436117473
  ],
  "num_physical_states": 0,
  "quantum_observables": {
    "expectation_E_x": [
      1.2900000000000003,
      1.2900000000000003,
      1.2900000000000003,
      1.2900000000000003,
      1.2900000000000003
    ],
    "expectation_E_phi": [
      0.9040000000000001,
      0.9040000000000001,
      0.9040000000000001,
      0.9040000000000001,
      0.9040000000000001
    ],
    "variance_E_x": [
      0.1,
      0.2,
      0.30000000000000004,
      0.4,
      0.5
    ],
    "variance_E_phi": [
      0.1,
      0.2,
      0.30000000000000004,
      0.4,
      0.5
    ],
    "holonomy_corrections": [
      0.95,
      0.96,
      0.97,
      0.98,
      0.99
    ],
    "quantum_volume": [
      4.3358362633796075,
      4.3358362633796075,
      4.3358362633796075,
      4.3358362633796075,
      4.3358362633796075
    ]
  },
  "lattice_points": 10,
  "mu_bar_scheme": "minimal_area",
  "holonomy_parameter": 0.1,
  "immirzi_gamma": 0.2375
}